Kanji,Reading (Romaji),Meaning
変革,henkaku,Transformation/Reform
習慣病,shuukanbyou,Chronic Habitual Issues
属人化,zokujinka,Personalization (Work Reliance on Individuals)
前例踏襲,zenrei toushuu,Following Precedents
減点主義,genten shugi,Deduction-Based Evaluation System
最適化,saitekika,Optimization
意思決定,ishi kettei,Decision-Making
経営戦略,keiei senryaku,Business Strategy
組織構造,soshiki kouzou,Organizational Structure
業務改革,gyoumu kaikaku,Business Process Reform
新技術,shin gijutsu,New Technology
デジタル活用,dejitaru katsuyou,Digital Utilization
企業文化,kigyou bunka,Corporate Culture
市場競争,shijou kyousou,Market Competition
意思疎通,ishi sotsuu,Communication of Intent
経営資源,keiei shigen,Management Resources
業務最適化,gyoumu saitekika,Business Process Optimization
意思決定支援,ishi kettei shien,Decision Support
データ駆動型,deeta kudou-gata,Data-Driven Approach
組織変革,soshiki henkaku,Organizational Transformation
経営資源配分,keiei shigen haibun,Allocation of Management Resources
デジタル成熟度,dejitaru seijukudo,Digital Maturity
アジャイル開発,ajairu kaihatsu,Agile Development
クラウド移行,kuraudo ikou,Cloud Migration
業務標準化,gyoumu hyoujunka,Business Standardization
データ統合,deeta tougou,Data Integration
技術革新,gijutsu kakushin,Technological Innovation
デジタル資産,dejitaru shisan,Digital Assets
プロセス自動化,purosesu jidouka,Process Automation
データガバナンス,deeta gabunansu,Data Governance
組織適応力,soshiki tekiouryoku,Organizational Adaptability
業務効率化,gyoumu kouritsuka,Business Efficiency Improvement
デジタル資産管理,dejitaru shisan kanri,Digital Asset Management
データ駆動経営,deeta kudou keiei,Data-Driven Management
組織適応性,soshiki tekiousei,Organizational Adaptability
経営意思決定,keiei ishi kettei,Executive Decision-Making
デジタル変革戦略,dejitaru henkaku senryaku,Digital Transformation Strategy
クラウド活用,kuraudo katsuyou,Cloud Utilization
業務プロセス改革,gyoumu purosesu kaikaku,Business Process Reform
データ分析基盤,deeta bunseki kiban,Data Analytics Infrastructure
技術革新推進,gijutsu kakushin suishin,Promotion of Technological Innovation
デジタル統合,dejitaru tougou,Digital Integration
プロジェクト管理,purojekuto kanri,Project Management
業務自動化,gyoumu jidouka,Business Process Automation
データセキュリティ,deeta sekyuriti,Data Security
組織変革推進,soshiki henkaku suishin,Organizational Change Promotion
業務改革推進,gyoumu kaikaku suishin,Business Reform Promotion
デジタル資産活用,dejitaru shisan katsuyou,Digital Asset Utilization
データ駆動型戦略,deeta kudou-gata senryaku,Data-Driven Strategy
組織適応力強化,soshiki tekiouryoku kyouka,Strengthening Organizational Adaptability
経営意思決定支援,keiei ishi kettei shien,Executive Decision Support
デジタル変革推進,dejitaru henkaku suishin,Digital Transformation Promotion
クラウド最適化,kuraudo saitekika,Cloud Optimization
業務プロセス標準化,gyoumu purosesu hyoujunka,Business Process Standardization
データ分析活用,deeta bunseki katsuyou,Data Analytics Utilization
技術革新戦略,gijutsu kakushin senryaku,Technological Innovation Strategy
デジタル統合推進,dejitaru tougou suishin,Digital Integration Promotion
プロジェクト戦略管理,purojekuto senryaku kanri,Project Strategy Management
業務自動化推進,gyoumu jidouka suishin,Business Process Automation Promotion
データセキュリティ強化,deeta sekyuriti kyouka,Strengthening Data Security
組織変革戦略,soshiki henkaku senryaku,Organizational Change Strategy
情報管理,jouhou kanri,Information Management
デジタル変革,dejitaru henkaku,Digital Transformation
,,
,,
,,
,,
,,
,,
,,
,,
,,
,,
,,
,,
,,
,,
